{
  "name": "app-chirrp",
  "version": "0.0.1",
  "description": "A sample Node.js app using Express 4",
  "main": "index.js",
  "scripts": {
    "start": "node index.js",
    "watch": "webpack -d --watch",
    "webpack": "webpack",
    "serve": "serve ./public"
  },
  "dependencies": {
    "body-parser": "^1.18.3",
    "ejs": "2.5.6",
    "express": "4.15.2",
    "loggr": "^1.1.5",
    "node-fetch": "^1.7.0",
    "react": "^15.6.1",
    "react-dom": "^15.6.1",
    "react-router": "^4.1.2",
    "redis": "0.7.0",
    "node-schedule": "^1.3.0",
    "update-json-file": "^1.1.1",
    "web-push": "^3.0.0",
    "flipkart-affiliate": "^1.1.0",
    "flipkart-api-affiliate-client": "^1.1.0"
  },
  "devDependencies": {
    "babel-core": "^6.25.0",
    "babel-loader": "^7.1.1",
    "babel-preset-env": "^1.7.0",
    "babel-preset-es2015": "^6.24.1",
    "babel-preset-react": "^6.24.1",
    "ddg": "0.0.3",
    "flipkart-affiliate": "^1.1.0",
    "flipkart-api-affiliate-client": "1.1.0",
    "loggr": "^1.1.5",
    "node-schedule": "^1.3.0",
    "react": "^15.6.1",
    "react-router-dom": "^4.1.2",
    "serve": "^6.0.5",
    "uglifyjs-webpack-plugin": "^0.4.6",
    "update-json-file": "^1.1.1",
    "webpack": "^3.4.1",
    "x-ray": "^2.3.3"
  }
}
